City_ID,City,Country,Date,Lat,Lng,Max Temp,Humidity,Cloudiness,Wind Speed
0,Vaini,TO,2022-08-07 22:07:25,-21.2,-175.2,80.76,89,20,8.05
1,Belmonte,BR,2022-08-07 22:07:25,-15.8631,-38.8828,72.79,75,15,8.59
2,Albany,US,2022-08-07 22:04:28,42.6001,-73.9662,90.64,69,64,1.01
3,Krasnoselkup,RU,2022-08-07 22:07:26,65.7,82.4667,58.71,78,100,8.23
4,Rikitea,PF,2022-08-07 22:02:46,-23.1203,-134.9692,72.52,69,100,32.12
5,Puerto Ayora,EC,2022-08-07 22:07:26,-0.7393,-90.3518,75.16,88,62,4.0
6,Ushuaia,AR,2022-08-07 22:03:10,-54.8,-68.3,38.86,65,0,10.36
7,Cabo San Lucas,MX,2022-08-07 22:04:26,22.8909,-109.9124,93.61,72,75,8.05
8,Dikson,RU,2022-08-07 22:07:27,73.5069,80.5464,42.04,100,100,9.95
9,Georgetown,MY,2022-08-07 22:03:26,5.4112,100.3354,80.89,87,20,0.0
10,Saint-Philippe,RE,2022-08-07 22:07:27,-21.3585,55.7679,67.59,81,18,5.17
11,Cantanhede,BR,2022-08-07 22:07:28,-3.6333,-44.3767,80.13,55,1,3.38
12,Kavaratti,IN,2022-08-07 22:07:28,10.5669,72.642,80.49,83,99,23.89
13,Verkhnyaya Inta,RU,2022-08-07 22:07:29,65.9811,60.3094,67.3,60,1,10.58
14,Mataura,NZ,2022-08-07 22:07:29,-46.1927,168.8643,37.47,76,9,7.52
15,Rabo De Peixe,PT,2022-08-07 22:07:29,37.8,-25.5833,71.11,88,40,4.61
16,Beira,MZ,2022-08-07 22:07:30,-19.8436,34.8389,66.94,86,0,7.49
17,Hambantota,LK,2022-08-07 22:07:30,6.1241,81.1185,77.34,100,0,10.36
18,Kaitangata,NZ,2022-08-07 22:07:30,-46.2817,169.8464,40.91,60,81,12.24
19,Hermanus,ZA,2022-08-07 22:07:31,-34.4187,19.2345,49.8,86,54,2.33
20,Smithers,CA,2022-08-07 22:07:31,54.7804,-127.1743,74.19,42,41,7.87
21,Bredasdorp,ZA,2022-08-07 22:07:32,-34.5322,20.0403,53.42,94,22,4.63
22,Tuktoyaktuk,CA,2022-08-07 22:07:32,69.4541,-133.0374,44.33,74,81,6.51
23,Hobart,AU,2022-08-07 22:07:32,-42.8794,147.3294,35.06,97,20,8.05
24,Barrow,US,2022-08-07 22:07:33,71.2906,-156.7887,44.62,70,100,8.05
25,Port Elizabeth,ZA,2022-08-07 22:03:20,-33.918,25.5701,61.32,99,100,4.0
26,Yellowknife,CA,2022-08-07 22:07:33,62.456,-114.3525,58.95,84,100,10.67
27,Nanortalik,GL,2022-08-07 22:07:34,60.1432,-45.2371,45.09,82,7,8.84
28,Bentiu,SS,2022-08-07 22:07:34,9.2333,29.8333,74.35,88,100,3.71
29,Komsomolskiy,UZ,2022-08-07 22:07:34,40.4272,71.7189,79.23,25,6,2.98
30,Umm Kaddadah,SD,2022-08-07 22:07:35,13.6017,26.6876,84.99,49,94,10.4
31,Torbay,CA,2022-08-07 22:07:35,47.6666,-52.7314,72.75,86,48,17.36
32,Laguna,US,2022-08-07 22:05:29,38.421,-121.4238,96.31,34,0,10.36
33,Hofn,IS,2022-08-07 22:07:36,64.2539,-15.2082,52.18,93,100,18.45
34,Naze,JP,2022-08-07 22:07:36,28.3667,129.4833,79.65,77,2,2.28
35,Hilo,US,2022-08-07 22:07:36,19.7297,-155.09,89.28,74,75,8.05
36,Tiksi,RU,2022-08-07 22:07:37,71.6872,128.8694,46.29,96,100,3.33
37,Salobrena,ES,2022-08-07 22:07:37,36.7428,-3.5872,86.47,78,0,4.09
38,Monte Plata,DO,2022-08-07 22:07:38,18.807,-69.784,84.02,89,100,7.58
39,Kieta,PG,2022-08-07 22:07:38,-6.2167,155.6333,80.82,80,93,0.83
40,Jamestown,US,2022-08-07 22:06:59,42.097,-79.2353,85.59,65,40,8.05
41,Busselton,AU,2022-08-07 22:07:39,-33.65,115.3333,57.27,77,98,22.41
42,Ancud,CL,2022-08-07 22:07:39,-41.8697,-73.8203,45.23,76,12,1.52
43,Pangai,TO,2022-08-07 22:07:39,-19.8,-174.35,77.61,79,50,14.81
44,Saint George,US,2022-08-07 22:04:37,37.1041,-113.5841,102.79,16,0,5.01
45,Carnarvon,AU,2022-08-07 22:07:40,-24.8667,113.6333,61.75,79,0,11.25
46,Santa Barbara,US,2022-08-07 22:07:40,34.7333,-120.0343,91.35,44,0,13.8
47,Victoria,HK,2022-08-07 22:04:47,22.2855,114.1577,83.32,89,86,5.99
48,Chikwawa,MW,2022-08-07 22:08:41,-16.0335,34.8009,65.48,64,0,1.03
49,Khatanga,RU,2022-08-07 22:08:41,71.9667,102.5,52.16,79,73,7.54
50,Sao Jose Da Coroa Grande,BR,2022-08-07 22:08:41,-8.8978,-35.1478,75.79,69,56,9.37
51,East London,ZA,2022-08-07 22:08:42,-33.0153,27.9116,67.3,86,100,19.04
52,Castro,BR,2022-08-07 22:08:42,-24.7911,-50.0119,57.47,95,100,4.07
53,Lebu,CL,2022-08-07 22:08:43,-37.6167,-73.65,46.85,85,100,8.99
54,San Cristobal,VE,2022-08-07 22:08:43,7.7669,-72.225,77.18,61,94,5.14
55,Moramanga,MG,2022-08-07 22:08:43,-18.9333,48.2,50.79,99,35,1.61
56,Tasiilaq,GL,2022-08-07 22:08:44,65.6145,-37.6368,44.76,96,100,4.32
57,Antsohihy,MG,2022-08-07 22:08:44,-14.8796,47.9875,65.84,72,35,5.32
58,Souillac,MU,2022-08-07 22:08:44,-20.5167,57.5167,66.58,94,75,3.44
59,Saldanha,ZA,2022-08-07 22:08:45,-33.0117,17.9442,54.97,94,31,13.82
60,Bambous Virieux,MU,2022-08-07 22:08:45,-20.3428,57.7575,66.45,94,75,3.44
61,Constitucion,CL,2022-08-07 22:08:45,-35.3333,-72.4167,50.36,84,19,9.62
62,Nioki,CD,2022-08-07 22:08:46,-2.7167,17.6833,79.16,52,84,3.11
63,Acapulco,MX,2022-08-07 22:08:12,16.8634,-99.8901,85.82,74,75,9.22
64,Port Augusta,AU,2022-08-07 22:08:46,-32.5,137.7667,42.62,76,0,2.66
65,Cape Town,ZA,2022-08-07 22:06:49,-33.9258,18.4232,57.11,87,38,1.99
66,Semey,KZ,2022-08-07 22:08:47,50.4111,80.2275,66.43,42,48,4.25
67,Areka,ET,2022-08-07 22:08:47,7.0667,37.7,60.48,86,98,2.15
68,Slave Lake,CA,2022-08-07 22:08:48,55.2834,-114.769,75.13,42,1,11.95
69,Esperance,AU,2022-08-07 22:08:48,-33.8667,121.9,48.63,85,0,13.38
70,Okhotsk,RU,2022-08-07 22:08:48,59.3833,143.3,55.45,83,100,9.78
71,Port Alfred,ZA,2022-08-07 22:08:49,-33.5906,26.891,62.19,98,96,4.0
72,Malpe,IN,2022-08-07 22:08:49,13.35,74.7167,76.3,89,100,16.37
73,Pacific Grove,US,2022-08-07 22:08:50,36.6177,-121.9166,81.39,73,0,12.66
74,Hualmay,PE,2022-08-07 22:08:50,-11.0964,-77.6139,63.63,78,58,12.77
75,Guerrero Negro,MX,2022-08-07 22:08:50,27.9769,-114.0611,86.31,55,95,14.63
76,Morehead,US,2022-08-07 22:05:46,37.2711,-87.1764,74.95,83,0,0.0
77,Kapaa,US,2022-08-07 22:08:51,22.0752,-159.319,82.72,78,75,11.5
78,Makakilo City,US,2022-08-07 22:03:53,21.3469,-158.0858,86.32,53,0,13.8
79,Tiarei,PF,2022-08-07 22:08:51,-17.5333,-149.3333,80.62,73,74,24.49
80,Nikolskoye,RU,2022-08-07 22:08:52,59.7035,30.7861,58.89,79,11,4.09
81,Zonguldak,TR,2022-08-07 22:06:09,41.25,31.8333,61.18,95,0,2.82
82,Kahului,US,2022-08-07 22:08:52,20.8947,-156.47,91.42,43,20,14.97
83,Norman Wells,CA,2022-08-07 22:08:53,65.282,-126.8329,62.04,58,100,5.17
84,Abu Dhabi,AE,2022-08-07 22:08:46,24.4667,54.3667,98.71,45,0,2.3
85,San Quintin,MX,2022-08-07 22:08:53,30.4833,-115.95,78.08,71,87,6.24
86,Padang,ID,2022-08-07 22:08:54,-0.9492,100.3543,75.25,85,84,2.71
87,Vitim,RU,2022-08-07 22:08:54,59.4511,112.5578,49.59,98,100,3.6
88,Lagoa,PT,2022-08-07 22:08:54,39.05,-27.9833,73.81,82,14,17.6
89,Mar Del Plata,AR,2022-08-07 22:08:55,-38.0023,-57.5575,46.09,81,75,9.22
90,Punta Arenas,CL,2022-08-07 22:04:16,-53.15,-70.9167,39.31,75,20,12.66
91,Mayumba,GA,2022-08-07 22:08:55,-3.432,10.6554,67.37,90,55,2.59
92,Torrington,US,2022-08-07 22:05:22,41.8007,-73.1212,89.69,67,93,1.99
93,Hami,CN,2022-08-07 22:08:56,42.8,93.45,83.05,25,29,10.78
94,Korablino,RU,2022-08-07 22:09:56,53.9164,40.0133,67.71,49,5,4.52
95,Jardim,BR,2022-08-07 22:09:56,-21.4803,-56.1381,72.27,70,100,1.92
96,San Ignacio,BZ,2022-08-07 22:09:57,17.1561,-89.0714,77.14,94,0,0.0
97,Broome,US,2022-08-07 22:09:57,42.2506,-75.833,88.2,63,20,11.5
98,Bluff,NZ,2022-08-07 22:09:58,-46.6,168.3333,37.8,60,43,19.48
99,Touros,BR,2022-08-07 22:09:58,-5.1989,-35.4608,75.79,77,7,11.9
100,Erenhot,CN,2022-08-07 22:09:59,43.6475,111.9767,66.36,54,75,8.08
101,Longyearbyen,SJ,2022-08-07 22:09:59,78.2186,15.6401,46.24,93,75,10.36
102,New Norfolk,AU,2022-08-07 22:09:59,-42.7826,147.0587,34.72,89,12,2.62
103,Zapolyarnyy,RU,2022-08-07 22:10:00,69.4154,30.8136,47.48,88,96,17.76
104,Dukat,RU,2022-08-07 22:10:00,62.55,155.55,66.94,57,89,4.32
105,Clyde River,CA,2022-08-07 22:10:01,70.4692,-68.5914,42.84,78,91,4.34
106,Mae Sai,TH,2022-08-07 22:10:01,20.4335,99.8762,72.54,100,100,1.3
107,Thompson,CA,2022-08-07 22:10:01,55.7435,-97.8558,75.65,37,74,13.6
108,La Rioja,ES,2022-08-07 22:07:53,42.25,-2.5,67.78,65,34,1.72
109,California City,US,2022-08-07 22:10:04,35.1258,-117.9859,104.09,14,0,5.75
110,Hobyo,SO,2022-08-07 22:10:08,5.3505,48.5268,75.18,84,1,26.69
111,Iaciara,BR,2022-08-07 22:10:09,-14.0958,-46.6317,81.14,27,12,1.16
112,Hithadhoo,MV,2022-08-07 22:10:09,-0.6,73.0833,81.61,70,99,3.76
113,Najran,SA,2022-08-07 22:10:10,17.4924,44.1277,82.27,44,9,7.18
114,Halifax,CA,2022-08-07 22:07:02,44.6453,-63.5724,84.52,74,72,4.0
115,Sladkovo,RU,2022-08-07 22:10:10,55.5284,70.3385,57.31,88,77,7.52
116,Songea,TZ,2022-08-07 22:10:11,-10.6833,35.65,56.21,64,15,0.85
117,Faanui,PF,2022-08-07 22:10:11,-16.4833,-151.75,77.11,70,82,24.87
118,Airai,TL,2022-08-07 22:10:11,-8.9266,125.4092,57.42,57,15,3.02
119,Geraldton,AU,2022-08-07 22:10:12,-28.7667,114.6,52.21,93,100,12.66
120,Butaritari,KI,2022-08-07 22:10:12,3.0707,172.7902,82.0,70,100,15.61
121,Galesong,ID,2022-08-07 22:08:08,-5.3166,119.3661,71.62,83,65,7.99
122,Narsipatnam,IN,2022-08-07 22:10:13,17.6667,82.6167,76.23,93,100,5.73
123,Port Macquarie,AU,2022-08-07 22:06:00,-31.4333,152.9167,55.89,75,37,13.02
124,Avarua,CK,2022-08-07 22:10:14,-21.2078,-159.775,75.25,64,75,20.71
125,Katsuura,JP,2022-08-07 22:10:14,35.1333,140.3,81.79,84,5,13.71
126,Monticello,US,2022-08-07 22:10:15,45.3055,-93.7941,75.15,74,100,9.22
127,Provideniya,RU,2022-08-07 22:10:15,64.3833,-173.3,42.91,87,100,17.9
128,Port-Gentil,GA,2022-08-07 22:10:15,-0.7193,8.7815,71.56,88,20,4.61
129,Axim,GH,2022-08-07 22:10:16,4.8699,-2.2405,73.98,79,10,9.8
130,Yandyki,RU,2022-08-07 22:10:16,45.7691,47.1258,73.96,55,0,7.74
131,Venezuela,VE,2022-08-07 22:09:04,8.0,-66.0,87.04,60,54,11.23
132,Lompoc,US,2022-08-07 22:10:17,34.6391,-120.4579,87.69,64,0,23.0
133,Port Blair,IN,2022-08-07 22:10:18,11.6667,92.75,80.94,82,100,21.14
134,Alexandria,EG,2022-08-07 22:10:18,31.2156,29.9553,80.17,73,0,8.14
135,Zhigansk,RU,2022-08-07 22:10:19,66.7697,123.3711,50.59,90,73,16.15
136,Beringovskiy,RU,2022-08-07 22:10:19,63.05,179.3167,44.37,61,31,27.56
137,Cherskiy,RU,2022-08-07 22:10:19,68.75,161.3,44.2,60,94,1.92
138,Honiara,SB,2022-08-07 22:10:20,-9.4333,159.95,82.83,73,93,1.39
139,Lipari,IT,2022-08-07 22:11:20,38.4674,14.954,82.33,72,18,7.31
140,Sabha,LY,2022-08-07 22:11:21,27.0377,14.4283,86.02,19,0,12.03
141,Hirara,JP,2022-08-07 22:11:21,24.8,125.2833,79.07,94,20,4.61
142,Cabildo,AR,2022-08-07 22:11:22,-38.4842,-61.8954,44.98,73,92,6.35
143,Haines Junction,CA,2022-08-07 22:11:22,60.7522,-137.5108,58.15,51,91,5.99
144,Bonthe,SL,2022-08-07 22:11:23,7.5264,-12.505,75.6,87,83,9.06
145,Dongsheng,CN,2022-08-07 22:11:23,39.8161,109.9776,70.32,54,83,15.41
146,Yerbogachen,RU,2022-08-07 22:11:24,61.2767,108.0108,47.46,97,100,5.06
147,Tessalit,ML,2022-08-07 22:11:24,20.1986,1.0114,97.57,13,87,2.86
148,Anahuac,MX,2022-08-07 22:11:24,27.2333,-100.15,100.78,24,19,17.83
149,Arraial Do Cabo,BR,2022-08-07 22:11:25,-22.9661,-42.0278,71.46,88,75,5.75
150,Bandar-E Lengeh,IR,2022-08-07 22:11:25,26.5579,54.8807,92.77,66,1,11.23
151,Pimentel,PE,2022-08-07 22:11:25,-6.8367,-79.9342,64.69,72,0,23.02
152,Tazmalt,DZ,2022-08-07 22:11:26,36.3868,4.3989,79.09,36,0,4.88
153,Thinadhoo,MV,2022-08-07 22:11:27,0.5333,72.9333,81.79,73,100,7.78
154,Raudeberg,NO,2022-08-07 22:11:28,61.9875,5.1352,53.96,60,96,14.23
155,Tautira,PF,2022-08-07 22:11:28,-17.7333,-149.15,74.98,74,95,23.55
156,Townsville,AU,2022-08-07 22:11:29,-19.25,146.8,68.88,78,75,6.91
157,Campo Grande,BR,2022-08-07 22:07:28,-20.4428,-54.6464,72.95,73,75,9.22
158,Kavieng,PG,2022-08-07 22:11:29,-2.5744,150.7967,81.81,78,89,13.27
159,Chicama,PE,2022-08-07 22:11:30,-7.8447,-79.1469,61.34,69,46,8.88
160,Meulaboh,ID,2022-08-07 22:11:30,4.1363,96.1285,75.76,88,88,3.38
161,Cherkasskoye,RU,2022-08-07 22:11:31,52.4333,47.2167,67.66,55,11,4.61
162,Shache,CN,2022-08-07 22:11:31,38.4167,77.2406,77.63,47,80,6.6
163,Seymchan,RU,2022-08-07 22:11:32,62.8833,152.4333,70.12,65,50,3.71
164,Moose Factory,CA,2022-08-07 22:11:32,51.2585,-80.6094,60.85,51,0,7.7
165,Mahebourg,MU,2022-08-07 22:11:32,-20.4081,57.7,66.49,94,75,3.44
166,Manta,EC,2022-08-07 22:11:33,-0.95,-80.7333,74.98,78,75,8.05
167,Peniche,PT,2022-08-07 22:11:33,39.3558,-9.3811,67.28,93,0,5.21
168,Thanyaburi,TH,2022-08-07 22:11:34,14.0211,100.7343,82.35,86,40,4.61
169,Ayorou,NE,2022-08-07 22:11:34,14.7308,0.9174,92.23,39,24,6.85
170,Ilo,PE,2022-08-07 22:11:34,-17.6394,-71.3375,60.3,79,3,5.46
171,Awbari,LY,2022-08-07 22:11:35,26.5921,12.7805,86.34,19,0,9.19
172,Balaipungut,ID,2022-08-07 22:11:35,1.05,101.2833,73.69,99,93,0.89
173,Quatre Cocos,MU,2022-08-07 22:11:36,-20.2078,57.7625,66.31,77,18,7.54
174,Gornopravdinsk,RU,2022-08-07 22:11:36,60.05,69.9,60.31,74,93,0.47
175,Moa,CU,2022-08-07 22:11:36,20.6569,-74.9403,83.88,73,8,12.68
176,Pafos,CY,2022-08-07 22:11:36,34.7667,32.4167,76.78,69,20,4.61
177,Varzea Da Palma,BR,2022-08-07 22:11:37,-17.5981,-44.7308,77.74,31,41,1.99
178,Srednekolymsk,RU,2022-08-07 22:11:37,67.45,153.6833,58.35,38,89,14.14
179,Vung Tau,VN,2022-08-07 22:09:54,10.346,107.0843,79.07,81,100,13.51
180,Shasta Lake,US,2022-08-07 22:09:00,40.6804,-122.3708,97.95,23,0,4.0
181,Sakakah,SA,2022-08-07 22:11:38,29.9697,40.2064,99.97,21,75,7.78
182,Hervey Bay,AU,2022-08-07 22:11:38,-25.2986,152.8535,56.62,59,0,12.73
183,Sioux Lookout,CA,2022-08-07 22:09:33,50.1001,-91.917,72.72,29,62,3.09
184,Upernavik,GL,2022-08-07 22:09:11,72.7868,-56.1549,42.46,83,84,8.3
185,Nome,US,2022-08-07 22:12:39,64.5011,-165.4064,48.27,87,100,9.22
186,Fortuna,US,2022-08-07 22:12:40,40.5982,-124.1573,71.92,74,40,11.5
187,Dzaoudzi,YT,2022-08-07 22:12:40,-12.7887,45.2699,69.69,94,0,1.14
188,Nishihara,JP,2022-08-07 22:12:41,26.1842,127.7558,81.68,86,20,4.61
189,Puerto Quijarro,BO,2022-08-07 22:12:41,-17.7833,-57.7667,76.98,70,100,3.0
190,Portland,US,2022-08-07 22:09:01,45.5234,-122.6762,101.86,26,20,12.66
191,Grindavik,IS,2022-08-07 22:12:42,63.8424,-22.4338,50.47,93,75,14.97
192,Qaanaaq,GL,2022-08-07 22:12:42,77.484,-69.3632,44.56,53,4,4.72
193,Krasnyy Chikoy,RU,2022-08-07 22:12:43,50.3643,108.7512,45.88,88,25,2.64
194,Bethel,US,2022-08-07 22:12:44,41.3712,-73.414,90.63,64,0,16.11
195,Ust-Ilimsk,RU,2022-08-07 22:12:13,58.0006,102.6619,51.39,97,97,3.67
196,Paamiut,GL,2022-08-07 22:12:44,61.994,-49.6678,43.3,88,3,18.92
197,Iralaya,HN,2022-08-07 22:12:45,15.0,-83.2333,81.09,85,100,12.97
198,Port Hardy,CA,2022-08-07 22:12:46,50.6996,-127.4199,67.23,75,15,14.7
199,Warmbad,NA,2022-08-07 22:12:46,-28.45,18.7333,47.17,84,0,3.47
200,Pevek,RU,2022-08-07 22:12:47,69.7008,170.3133,32.45,94,100,16.33
201,Half Moon Bay,US,2022-08-07 22:12:48,37.4636,-122.4286,82.42,61,75,21.85
202,Kralendijk,BQ,2022-08-07 22:12:48,12.15,-68.2667,84.18,70,20,14.97
203,Narsaq,GL,2022-08-07 22:12:49,60.9167,-46.05,50.22,68,3,2.08
204,Omboue,GA,2022-08-07 22:12:49,-1.5746,9.2618,70.56,80,44,7.56
205,Baturaja,ID,2022-08-07 22:12:49,-4.1333,104.1667,70.74,95,6,2.42
206,Leningradskiy,RU,2022-08-07 22:12:50,69.3833,178.4167,32.45,96,100,20.8
207,Jizan,SA,2022-08-07 22:12:50,17.3333,42.6667,87.39,72,4,1.99
208,Watertown,US,2022-08-07 22:10:34,42.3709,-71.1828,95.68,49,20,20.71
209,Tuatapere,NZ,2022-08-07 22:12:51,-46.1333,167.6833,37.69,77,26,10.47
210,Pisco,PE,2022-08-07 22:12:51,-13.7,-76.2167,64.45,72,20,13.8
211,Grande Prairie,CA,2022-08-07 22:12:52,55.1667,-118.8027,79.84,33,14,20.62
212,Lahat,ID,2022-08-07 22:12:52,-3.8,103.5333,70.95,87,6,2.3
213,Necochea,AR,2022-08-07 22:12:53,-38.5473,-58.7368,41.36,76,98,6.89
214,Cidreira,BR,2022-08-07 22:12:53,-30.1811,-50.2056,58.77,90,100,11.56
215,Adrar,MR,2022-08-07 22:12:53,20.5022,-10.0711,101.26,17,71,5.53
216,Isangel,VU,2022-08-07 22:12:55,-19.55,169.2667,80.11,72,5,4.99
217,Sapernoye,RU,2022-08-07 22:12:56,60.7167,29.9505,56.66,86,20,5.57
218,Ozernovskiy,RU,2022-08-07 22:12:18,51.5,156.5167,57.33,90,31,5.06
219,Severo-Kurilsk,RU,2022-08-07 22:12:58,50.6789,156.125,57.69,88,22,6.49
220,Chuy,UY,2022-08-07 22:12:58,-33.6971,-53.4616,47.68,86,11,7.49
221,Iqaluit,CA,2022-08-07 22:12:58,63.7506,-68.5145,45.7,81,98,4.0
222,Skagen,DK,2022-08-07 22:12:59,57.7209,10.5839,59.23,82,94,13.13
223,Atuona,PF,2022-08-07 22:13:00,-9.8,-139.0333,76.91,70,92,18.23
224,Manesti,RO,2022-08-07 22:13:00,44.8667,25.85,80.69,55,60,4.61
225,Milkovo,RU,2022-08-07 22:13:01,54.7167,158.6167,70.79,64,16,0.4
226,Shubarshi,KZ,2022-08-07 22:13:01,48.5872,57.1869,76.35,37,21,11.16
227,Penhold,CA,2022-08-07 22:14:02,52.1334,-113.8687,79.84,50,0,6.82
228,Grand-Lahou,CI,2022-08-07 22:14:02,5.1367,-5.0242,74.39,78,8,10.29
229,Namibe,AO,2022-08-07 22:14:03,-15.1961,12.1522,61.47,89,35,2.93
230,Kirakira,SB,2022-08-07 22:14:03,-10.4544,161.9205,81.1,80,93,7.52
231,Deputatskiy,RU,2022-08-07 22:14:03,69.3,139.9,48.15,93,100,4.76
232,Marsh Harbour,BS,2022-08-07 22:14:04,26.5412,-77.0636,83.7,69,100,12.82
233,Sao Filipe,CV,2022-08-07 22:14:04,14.8961,-24.4956,79.52,84,95,6.24
234,Tecpan,GT,2022-08-07 22:14:05,14.7623,-90.9947,65.89,68,97,7.81
235,Olinda,BR,2022-08-07 22:11:49,-8.0089,-34.8553,78.53,65,40,9.22
236,Tortoli,IT,2022-08-07 22:14:05,39.9256,9.6572,79.39,69,1,3.98
237,Stornoway,GB,2022-08-07 22:14:05,58.2093,-6.3865,57.92,89,100,10.36
238,Gazojak,TM,2022-08-07 22:14:06,41.1875,61.4036,78.42,27,1,9.28
239,Turbat,PK,2022-08-07 22:14:06,26.0023,63.044,85.19,68,94,3.09
240,Korem,ET,2022-08-07 22:14:07,12.5058,39.5228,54.63,86,100,9.55
241,Tilichiki,RU,2022-08-07 22:14:07,60.4667,166.1,59.65,56,100,5.77
242,Vytegra,RU,2022-08-07 22:14:08,61.0064,36.4481,53.2,84,22,5.86
243,Sao Joao Da Barra,BR,2022-08-07 22:14:08,-21.6403,-41.0511,72.45,89,16,14.94
244,Atambua,ID,2022-08-07 22:14:09,-9.1061,124.8925,68.94,86,30,3.98
245,Ilovlya,RU,2022-08-07 22:14:09,49.3033,43.9796,74.82,32,63,9.35
246,Urumqi,CN,2022-08-07 22:14:02,43.801,87.6005,74.35,41,0,0.0
247,Brae,GB,2022-08-07 22:14:10,60.3964,-1.353,53.19,92,99,8.5
248,Berlevag,NO,2022-08-07 22:14:10,70.8578,29.0864,50.0,81,75,13.8
249,Camalu,MX,2022-08-07 22:14:11,30.85,-116.0667,78.19,70,82,5.32
250,Mountain Home,US,2022-08-07 22:13:07,43.133,-115.6912,92.68,10,0,6.91
251,Ribeira Grande,PT,2022-08-07 22:14:11,38.5167,-28.7,74.46,83,28,15.59
252,San Patricio,US,2022-08-07 22:14:11,28.017,-97.5169,95.18,46,63,16.78
253,Brainerd,US,2022-08-07 22:14:12,46.358,-94.2008,71.62,60,100,8.05
254,Bani,DO,2022-08-07 22:14:12,18.2833,-70.3333,83.86,63,98,16.73
255,Dumas,US,2022-08-07 22:14:13,35.8656,-101.9732,95.61,23,0,10.36
256,Visnes,NO,2022-08-07 22:14:13,59.3556,5.2242,55.45,88,75,3.44
257,Forssa,FI,2022-08-07 22:14:13,60.8146,23.6215,53.4,81,4,2.21
258,Rive-De-Gier,FR,2022-08-07 22:14:14,45.5307,4.6213,78.22,54,0,5.39
259,Sola,VU,2022-08-07 22:14:14,-13.8833,167.55,79.54,77,20,6.42
260,Zaysan,KZ,2022-08-07 22:14:15,47.4667,84.8667,66.04,45,81,3.87
261,Cayenne,GF,2022-08-07 22:14:15,4.9333,-52.3333,83.08,1,0,5.75
262,Kysyl-Syr,RU,2022-08-07 22:14:16,63.8986,122.7617,53.47,95,100,4.47
263,Hasaki,JP,2022-08-07 22:14:16,35.7333,140.8333,81.28,87,9,12.1
264,Jiamusi,CN,2022-08-07 22:14:16,46.8333,130.35,65.61,88,8,8.72
265,Saskylakh,RU,2022-08-07 22:14:17,71.9167,114.0833,49.82,64,100,6.13
266,Vardo,NO,2022-08-07 22:14:17,70.3705,31.1107,48.18,81,100,13.8
267,Chokurdakh,RU,2022-08-07 22:14:18,70.6333,147.9167,48.43,50,100,14.32
268,Naron,ES,2022-08-07 22:13:01,43.5167,-8.1528,72.45,86,35,10.8
269,Ahipara,NZ,2022-08-07 22:14:18,-35.1667,173.1667,58.24,85,12,7.67
270,Tonantins,BR,2022-08-07 22:14:19,-2.8731,-67.8022,76.78,90,77,1.9
271,Kodiak,US,2022-08-07 22:14:19,57.79,-152.4072,60.31,59,20,5.75
272,Nedjo,ET,2022-08-07 22:14:20,9.5046,35.5019,57.74,97,100,0.89
273,Jishou,CN,2022-08-07 22:14:20,28.3167,109.7167,77.61,85,95,2.48
274,Hamilton,US,2022-08-07 22:09:48,39.1834,-84.5333,90.32,70,0,6.91
275,North Platte,US,2022-08-07 22:15:20,41.1239,-100.7654,73.29,64,75,8.05
276,Akyab,MM,2022-08-07 22:15:21,20.15,92.9,80.28,88,100,11.32
277,Moron,AR,2022-08-07 22:15:21,-34.6534,-58.6198,50.97,77,94,10.71
278,Jaca,ES,2022-08-07 22:15:22,42.569,-0.5499,69.98,75,92,4.23
279,Fomboni,KM,2022-08-07 22:15:22,-12.28,43.7425,75.27,68,0,5.32
280,Cambridge,CA,2022-08-07 22:13:36,43.3601,-80.3127,89.15,72,99,1.01
281,Namanyere,TZ,2022-08-07 22:15:23,-7.5167,31.05,60.71,33,2,5.84
282,Erzin,TR,2022-08-07 22:15:23,36.9559,36.2,77.43,85,74,4.68
283,Itarema,BR,2022-08-07 22:15:24,-2.9248,-39.9167,78.22,80,41,17.65
284,Chapais,CA,2022-08-07 22:15:24,49.7834,-74.8492,62.38,39,100,7.72
285,Korla,CN,2022-08-07 22:15:25,41.7597,86.1469,81.63,28,7,0.94
286,Bajah,YE,2022-08-07 22:15:25,13.8141,44.6301,78.73,64,99,4.5
287,Imeni Poliny Osipenko,RU,2022-08-07 22:15:26,52.4201,136.4853,55.67,99,100,9.64
288,Mindelo,CV,2022-08-07 22:15:26,16.8901,-24.9804,80.15,83,75,12.66
289,Valparaiso,CL,2022-08-07 22:15:27,-33.0393,-71.6273,55.63,91,20,5.75
290,Cootamundra,AU,2022-08-07 22:11:39,-34.65,148.0333,44.11,85,85,1.66
291,Reconquista,AR,2022-08-07 22:15:27,-29.15,-59.65,56.28,79,0,8.66
292,Paranhos,BR,2022-08-07 22:15:28,-23.8928,-55.4311,63.12,98,100,1.1
293,Naifaru,MV,2022-08-07 22:15:28,5.4444,73.3657,80.64,81,100,16.6
294,Mahajanga,MG,2022-08-07 22:15:29,-15.7167,46.3167,69.26,64,0,4.92
295,Berezovyy,RU,2022-08-07 22:15:29,51.6667,135.7,57.43,99,100,6.08
296,Alofi,NU,2022-08-07 22:15:18,-19.0595,-169.9187,80.49,69,7,12.66
297,Vamvakofiton,GR,2022-08-07 22:15:30,41.1833,23.4,77.92,64,76,5.84
298,Xinglongshan,CN,2022-08-07 22:15:30,43.9561,125.4661,65.95,100,0,2.24
299,Lata,PT,2022-08-07 22:15:31,40.1629,-8.3327,60.13,92,0,1.41
300,Jalu,LY,2022-08-07 22:15:31,29.0331,21.5482,80.87,53,0,13.65
301,Nichinan,JP,2022-08-07 22:15:31,31.6,131.3667,82.08,84,41,4.03
302,Ponta Do Sol,PT,2022-08-07 22:15:32,32.6667,-17.1,72.72,82,1,3.42
303,Moberly,US,2022-08-07 22:10:46,39.4184,-92.4382,93.42,55,0,8.01
304,Saint-Augustin,CA,2022-08-07 22:15:32,51.226,-58.6502,71.74,75,100,19.15
305,Kamenka,RU,2022-08-07 22:15:33,51.3223,42.7678,67.42,48,12,7.63
306,Mana,GF,2022-08-07 22:15:33,5.6592,-53.7767,80.85,79,99,11.3
307,Madera,US,2022-08-07 22:10:48,37.1666,-119.8343,103.39,26,0,5.01
308,Upata,VE,2022-08-07 22:15:34,8.0086,-62.3989,79.2,90,89,3.96
309,Abu Samrah,SY,2022-08-07 22:15:34,35.3029,37.1841,72.7,68,0,11.54
310,Portree,GB,2022-08-07 22:15:34,57.4129,-6.1942,57.52,95,99,9.55
311,Dakar,SN,2022-08-07 22:15:35,14.6937,-17.4441,82.53,83,40,13.8
312,Casino,AU,2022-08-07 22:15:35,-28.8667,153.05,50.56,66,0,2.98
313,Lavrentiya,RU,2022-08-07 22:12:19,65.5833,-171.0,36.97,86,100,14.83
314,Kaeo,NZ,2022-08-07 22:15:36,-35.1,173.7833,54.32,97,16,5.61
315,Bafoulabe,ML,2022-08-07 22:15:36,13.8065,-10.8321,79.88,83,14,2.66
316,Bodden Town,KY,2022-08-07 22:15:37,19.2833,-81.25,88.93,70,40,10.36
317,Hue,VN,2022-08-07 22:11:30,16.4667,107.6,78.91,89,75,4.61
318,Mount Gambier,AU,2022-08-07 22:15:37,-37.8333,140.7667,40.96,86,22,4.43
319,Kajaani,FI,2022-08-07 22:15:37,64.2273,27.7285,51.85,87,0,8.05
320,Warren,US,2022-08-07 22:15:38,39.4334,-84.1666,89.89,63,0,6.91
321,Luderitz,NA,2022-08-07 22:16:38,-26.6481,15.1594,56.84,75,0,8.48
322,Zhezkazgan,KZ,2022-08-07 22:16:39,47.8043,67.7144,69.53,38,71,10.49
323,Caravelas,BR,2022-08-07 22:16:39,-17.7125,-39.2481,73.56,79,1,9.44
324,Ulaanbaatar,MN,2022-08-07 22:16:39,47.9077,106.8832,48.33,87,75,0.0
325,Sosnogorsk,RU,2022-08-07 22:16:40,63.6023,53.8817,67.89,63,12,6.29
326,Ustikolina,BA,2022-08-07 22:16:40,43.5836,18.79,72.97,92,1,1.41
327,Aklavik,CA,2022-08-07 22:16:40,68.2191,-135.0107,52.65,63,97,5.17
328,Minusinsk,RU,2022-08-07 22:16:41,53.7103,91.6875,49.98,86,2,1.7
329,Itacarambi,BR,2022-08-07 22:16:41,-15.1022,-44.0919,79.84,29,11,1.52
330,Mao,ES,2022-08-07 22:16:41,39.8885,4.2658,81.16,74,0,4.61
331,Boyolangu,ID,2022-08-07 22:16:42,-8.1181,111.8935,73.53,91,81,4.36
332,Tromso,NO,2022-08-07 22:16:42,69.6496,18.957,50.02,81,75,2.3
333,Honningsvag,NO,2022-08-07 22:16:43,70.9821,25.9704,49.75,87,100,10.36
334,Karratha,AU,2022-08-07 22:16:43,-20.7377,116.8463,63.07,49,0,8.03
335,Vyartsilya,RU,2022-08-07 22:16:43,62.1764,30.693,51.62,100,40,4.41
336,Chenzhou,CN,2022-08-07 22:16:44,25.8,113.0333,78.35,80,84,4.34
337,Nuuk,GL,2022-08-07 22:16:44,64.1835,-51.7216,43.41,87,75,5.75
338,Sitio Novo Do Tocantins,BR,2022-08-07 22:16:44,-5.5183,-47.4611,85.5,30,8,5.68
339,Guiratinga,BR,2022-08-07 22:16:45,-16.3494,-53.7583,86.95,25,86,4.79
340,Haapiti,PF,2022-08-07 22:16:45,-17.5667,-149.8667,80.33,71,89,24.85
341,Marau,BR,2022-08-07 22:16:45,-28.4492,-52.2,52.95,97,100,7.49
342,Shimoda,JP,2022-08-07 22:16:46,34.6667,138.95,86.11,82,33,8.81
343,Holesov,CZ,2022-08-07 22:16:46,49.3333,17.5783,64.26,63,97,7.99
344,Takhtamygda,RU,2022-08-07 22:16:47,54.1,123.5667,51.75,97,100,4.9
345,Sao Jose Do Belmonte,BR,2022-08-07 22:16:47,-7.8614,-38.7597,77.59,53,26,12.28
346,Gat,IL,2022-08-07 22:16:47,31.61,34.7642,79.48,64,0,3.06
347,Acarau,BR,2022-08-07 22:16:48,-2.8856,-40.12,78.42,80,43,18.45
348,Lincoln,US,2022-08-07 22:15:13,40.8,-96.667,88.97,66,0,11.5
349,Lunavada,IN,2022-08-07 22:16:48,23.1333,73.6167,78.42,94,100,6.98
350,Donskoye,RU,2022-08-07 22:16:49,45.4552,41.9741,69.93,60,1,6.29
351,Sinnamary,GF,2022-08-07 22:16:49,5.3833,-52.95,79.92,78,99,10.04
352,Russell,US,2022-08-07 22:16:49,32.3502,-85.1999,88.38,62,0,13.8
353,Flinders,AU,2022-08-07 22:16:50,-34.5833,150.8552,54.37,71,23,8.01
354,Neiafu,TO,2022-08-07 22:16:50,-18.65,-173.9833,81.28,78,20,12.66
355,Muswellbrook,AU,2022-08-07 22:16:51,-32.2667,150.9,49.33,88,14,2.55
356,Hovd,MN,2022-08-07 22:16:51,48.0056,91.6419,61.99,38,0,5.35
357,Naryan-Mar,RU,2022-08-07 22:16:51,67.6713,53.087,58.42,89,92,8.48
358,Oussouye,SN,2022-08-07 22:16:52,12.485,-16.5469,80.69,94,100,1.23
359,Boguchany,RU,2022-08-07 22:16:52,58.3814,97.4531,53.47,95,52,2.59
360,Buta,CD,2022-08-07 22:16:53,2.7858,24.73,69.98,92,100,1.23
361,Kalmunai,LK,2022-08-07 22:16:53,7.4167,81.8167,79.03,70,94,4.32
362,Lorengau,PG,2022-08-07 22:16:53,-2.0226,147.2712,82.47,75,92,8.16
363,Tabou,CI,2022-08-07 22:16:54,4.423,-7.3528,73.98,80,100,8.99
364,Nisia Floresta,BR,2022-08-07 22:16:54,-6.0911,-35.2086,79.18,86,27,7.27
365,Kharp,RU,2022-08-07 22:16:55,66.8014,65.8081,64.98,69,0,3.36
366,Sarahan,IN,2022-08-07 22:16:55,31.5167,77.8,65.07,86,100,3.06
367,Fairbanks,US,2022-08-07 22:16:55,64.8378,-147.7164,59.02,64,75,8.05
368,Esil,KZ,2022-08-07 22:17:56,51.9556,66.4042,61.57,79,55,9.33
369,Esik,KZ,2022-08-07 22:17:56,43.3552,77.4525,65.62,61,98,5.86
370,Aykino,RU,2022-08-07 22:17:57,62.2248,49.9922,63.88,87,55,4.5
371,Lima,PE,2022-08-07 22:13:39,-12.0432,-77.0282,59.25,77,100,8.05
372,Coahuayana,MX,2022-08-07 22:17:57,18.7333,-103.6833,88.45,60,66,5.61
373,Pombia,IT,2022-08-07 22:17:58,45.653,8.6336,71.4,82,75,17.27
374,Luhyny,UA,2022-08-07 22:17:58,51.082,28.4006,56.48,92,57,6.22
375,Takoradi,GH,2022-08-07 22:17:58,4.8845,-1.7554,73.6,80,19,9.51
376,Balkanabat,TM,2022-08-07 22:17:59,39.5108,54.3671,90.16,26,27,8.79
377,Escanaba,US,2022-08-07 22:17:59,45.7453,-87.0646,71.96,75,100,9.22
378,Carutapera,BR,2022-08-07 22:17:59,-1.195,-46.02,77.38,86,78,7.16
379,Roald,NO,2022-08-07 22:18:00,62.5833,6.1333,59.76,94,75,12.66
380,Mutare,ZW,2022-08-07 22:18:00,-18.9707,32.6709,53.2,55,0,3.31
381,Yulara,AU,2022-08-07 22:18:00,-25.2406,130.9889,45.66,48,0,10.07
382,Ukiah,US,2022-08-07 22:15:03,39.1502,-123.2078,89.49,39,0,5.99
383,Itatskiy,RU,2022-08-07 22:18:01,56.07,89.0369,54.7,79,45,3.71
384,Pangnirtung,CA,2022-08-07 22:18:01,66.1451,-65.7125,45.23,84,98,2.37
385,Farafangana,MG,2022-08-07 22:18:02,-22.8167,47.8333,65.12,89,3,3.69
386,Freeport,US,2022-08-07 22:17:44,40.6576,-73.5832,93.18,66,0,21.85
387,Tolga,DZ,2022-08-07 22:18:02,34.7222,5.3785,94.01,19,0,14.45
388,Luanda,AO,2022-08-07 22:18:03,-8.8368,13.2343,66.2,88,0,2.3
389,Avera,US,2022-08-07 22:18:03,33.194,-82.5271,87.39,50,96,2.62
390,Mayo,US,2022-08-07 22:18:04,38.8876,-76.5119,92.17,76,0,13.8
391,Abha,SA,2022-08-07 22:14:45,18.2164,42.5053,66.02,82,0,0.0
392,Benguela,AO,2022-08-07 22:18:04,-12.5763,13.4055,66.63,87,32,4.21
393,Acari,PE,2022-08-07 22:18:04,-15.4311,-74.6158,66.79,69,47,6.11
394,Pajan,EC,2022-08-07 22:18:05,-1.5667,-80.4167,83.37,59,49,4.05
395,Yar-Sale,RU,2022-08-07 22:18:05,66.8333,70.8333,65.23,76,0,10.45
396,Sitka,US,2022-08-07 22:16:25,57.0531,-135.33,55.29,88,100,4.61
397,Vestmannaeyjar,IS,2022-08-07 22:18:06,63.4427,-20.2734,51.8,85,95,19.17
398,Buchanan,LR,2022-08-07 22:18:06,5.8808,-10.0467,75.09,78,97,8.59
399,Bogorodskoye,RU,2022-08-07 22:18:06,56.55,37.8833,58.8,98,100,7.25
400,Manama,BH,2022-08-07 22:17:43,26.2154,50.5832,94.33,73,0,5.75
401,Anloga,GH,2022-08-07 22:16:21,5.7947,0.8973,74.35,84,42,13.44
402,Iskateley,RU,2022-08-07 22:18:07,67.6803,53.1512,58.48,89,94,8.55
403,Coquimbo,CL,2022-08-07 22:18:08,-29.9533,-71.3436,58.73,67,0,9.22
404,Pontes E Lacerda,BR,2022-08-07 22:18:08,-15.2261,-59.3353,83.14,49,82,1.14
405,Roswell,US,2022-08-07 22:16:27,34.0232,-84.3616,90.55,67,75,6.91
406,Barao De Melgaco,BR,2022-08-07 22:18:09,-16.1944,-55.9675,87.6,32,78,4.43
407,Whitehorse,CA,2022-08-07 22:15:16,60.7161,-135.0538,57.09,80,75,2.3
408,Bathsheba,BB,2022-08-07 22:18:09,13.2167,-59.5167,83.01,94,20,10.36
409,Aksu,CN,2022-08-07 22:18:10,41.1231,80.2644,77.76,42,0,4.14
410,Te Anau,NZ,2022-08-07 22:18:10,-45.4167,167.7167,34.72,87,20,7.05
411,Ayan,RU,2022-08-07 22:18:11,56.45,138.1667,54.19,95,100,19.93
412,Bama,NG,2022-08-07 22:18:11,11.5221,13.6856,72.19,88,100,15.7
413,Colares,PT,2022-08-07 22:18:11,38.7992,-9.4469,68.76,66,4,11.99
414,Richards Bay,ZA,2022-08-07 22:18:12,-28.783,32.0377,66.09,96,84,6.82
415,Yumen,CN,2022-08-07 22:18:12,40.2833,97.2,70.34,49,87,7.54
416,Gambela,ET,2022-08-07 22:16:16,8.25,34.5833,68.11,96,99,2.26
417,Jawor,PL,2022-08-07 22:19:12,51.0513,16.1935,58.08,59,83,3.85
418,Samarai,PG,2022-08-07 22:19:13,-10.6167,150.6667,80.1,75,55,13.71
419,Vao,NC,2022-08-07 22:19:13,-22.6667,167.4833,72.09,83,1,11.01
420,Faya,SA,2022-08-07 22:19:14,18.3851,42.4509,66.31,77,55,2.59
421,Westport,US,2022-08-07 22:15:26,41.1415,-73.3579,90.95,64,0,18.41
422,Dingle,PH,2022-08-07 22:19:14,10.9995,122.6711,74.23,92,99,3.89
423,Mizan Teferi,ET,2022-08-07 22:19:15,6.9833,35.5833,60.15,95,100,2.53
424,Kijang,KR,2022-08-07 22:19:15,35.2442,129.2139,85.73,81,100,11.43
425,Havre-Saint-Pierre,CA,2022-08-07 22:19:15,50.2334,-63.5986,62.96,82,0,13.8
426,Poitiers,FR,2022-08-07 22:14:41,46.5833,0.3333,72.79,38,0,9.22
427,Yinchuan,CN,2022-08-07 22:19:16,38.4681,106.2731,77.41,58,77,9.46
428,Gao,ML,2022-08-07 22:19:16,16.6362,1.637,92.12,32,93,4.34
429,Tocache,PE,2022-08-07 22:17:18,-8.1842,-76.5125,77.47,89,66,2.53
430,Makushino,RU,2022-08-07 22:19:17,55.2103,67.2442,64.54,65,90,7.4
431,Tirat Karmel,IL,2022-08-07 22:19:17,32.7617,34.9719,76.59,78,0,3.2
432,Loandjili,CG,2022-08-07 22:19:18,-4.7561,11.8578,68.32,84,22,6.13
433,Beziers,FR,2022-08-07 22:19:18,43.3476,3.219,76.39,69,0,8.05
434,Klaksvik,FO,2022-08-07 22:19:19,62.2266,-6.589,54.52,99,98,15.73
435,Sisimiut,GL,2022-08-07 22:19:19,66.9395,-53.6735,40.28,97,100,6.26
436,Moryakovskiy Zaton,RU,2022-08-07 22:19:19,56.6956,84.6467,61.79,98,100,5.95
437,Kyra,RU,2022-08-07 22:19:20,49.5776,111.9753,44.58,82,4,4.07
438,Birjand,IR,2022-08-07 22:19:20,32.8663,59.2211,72.07,23,0,6.91
439,Wum,CM,2022-08-07 22:19:20,6.3833,10.0667,65.28,99,100,3.27
440,Stokmarknes,NO,2022-08-07 22:19:21,68.5646,14.9108,49.98,87,100,6.91
441,Praia Da Vitoria,PT,2022-08-07 22:19:21,38.7333,-27.0667,73.76,94,40,7.02
442,Verkh-Usugli,RU,2022-08-07 22:19:22,52.7,115.1667,45.7,78,2,4.74
443,Namie,JP,2022-08-07 22:19:22,37.4833,141.0,82.71,88,45,1.86
444,Gorodovikovsk,RU,2022-08-07 22:19:22,46.0878,41.9335,71.67,46,3,5.17
445,Chatham,GB,2022-08-07 22:19:23,51.3789,0.5279,70.2,48,7,1.01
446,Ilulissat,GL,2022-08-07 22:19:23,69.2167,-51.1,46.42,81,100,5.75
447,Suntar,RU,2022-08-07 22:19:23,62.1444,117.6319,52.23,82,75,2.89
448,Codajas,BR,2022-08-07 22:19:24,-3.8367,-62.0569,84.06,58,64,1.36
449,Xining,CN,2022-08-07 22:19:24,36.6167,101.7667,62.92,81,29,2.39
450,Mount Isa,AU,2022-08-07 22:19:24,-20.7333,139.5,56.97,35,0,8.05
451,Lensk,RU,2022-08-07 22:19:25,60.7253,114.9278,51.66,92,99,2.48
452,Atherton,GB,2022-08-07 22:19:25,53.5237,-2.4935,61.29,87,18,1.99
453,West Wendover,US,2022-08-07 22:19:25,40.7391,-114.0733,81.61,42,0,5.75
454,Torrevieja,ES,2022-08-07 22:16:34,37.9787,-0.6822,81.72,77,0,0.92
455,Zambezi,ZM,2022-08-07 22:19:26,-13.5432,23.1047,58.75,32,0,5.59
456,Verkhnevilyuysk,RU,2022-08-07 22:19:26,63.4453,120.3167,51.87,91,82,2.42
457,Cody,US,2022-08-07 22:19:27,44.5263,-109.0565,77.65,44,0,10.36
458,Harper,LR,2022-08-07 22:19:27,4.375,-7.7169,73.76,80,100,8.5
459,Oranjemund,NA,2022-08-07 22:19:27,-28.55,16.4333,54.16,86,0,5.3
460,Znamenskoye,RU,2022-08-07 22:19:28,57.1281,73.8282,56.17,81,92,6.73
461,Canala,NC,2022-08-07 22:19:28,-21.5333,165.95,73.9,80,10,5.06
462,Cabedelo,BR,2022-08-07 22:19:29,-6.9811,-34.8339,75.87,77,16,11.86
463,Sigli,ID,2022-08-07 22:19:29,5.3848,95.9609,77.32,74,99,5.73
464,Kiyasovo,RU,2022-08-07 22:20:29,56.3491,53.1244,65.46,73,70,2.26
465,Koulamoutou,GA,2022-08-07 22:20:30,-1.1303,12.4736,77.54,62,86,1.23
466,Hilton Head Island,US,2022-08-07 22:18:44,32.2163,-80.7526,85.05,77,0,5.75
467,Bengkulu,ID,2022-08-07 22:20:30,-3.8004,102.2655,74.44,87,11,5.03
468,Broken Hill,AU,2022-08-07 22:20:31,-31.95,141.4333,45.73,75,5,6.71
469,San Bartolome De Tirajana,ES,2022-08-07 22:20:31,27.9248,-15.5733,63.32,81,40,26.46
470,Bhusawal,IN,2022-08-07 22:20:31,21.05,75.7667,76.62,96,100,7.58
471,Soyo,AO,2022-08-07 22:20:32,-6.1349,12.3689,68.2,89,11,6.15
472,Bara,NG,2022-08-07 22:20:32,10.3744,10.7288,76.51,82,91,9.93
473,Paranaiba,BR,2022-08-07 22:20:33,-19.6772,-51.1908,82.96,28,100,4.32
474,Surt,LY,2022-08-07 22:20:33,31.2089,16.5887,80.96,69,0,7.4
475,Nelson Bay,AU,2022-08-07 22:20:34,-32.7167,152.15,55.99,96,77,11.01
476,Presidencia Roque Saenz Pena,AR,2022-08-07 22:20:34,-26.7852,-60.4388,62.28,58,0,8.08
477,Pavilosta,LV,2022-08-07 22:20:35,56.8879,21.1859,62.51,70,100,10.18
478,Malinta,PH,2022-08-07 22:20:35,12.3022,123.5575,75.52,91,100,4.0
479,Sandur,IN,2022-08-07 22:20:35,15.1,76.55,71.8,90,100,21.5
480,Maine-Soroa,NE,2022-08-07 22:20:36,13.2114,12.0241,85.78,57,100,9.17
481,Nhulunbuy,AU,2022-08-07 22:20:37,-12.2333,136.7667,79.41,69,19,11.5
482,Elat,IL,2022-08-07 22:20:37,29.5581,34.9482,94.84,36,0,12.66
483,Rexburg,US,2022-08-07 22:18:37,43.826,-111.7897,80.58,26,0,8.05
484,Bang Saphan,TH,2022-08-07 22:20:37,11.2126,99.5117,76.35,90,100,7.09
485,Valdivia,CL,2022-08-07 22:20:38,-39.8142,-73.2459,44.69,99,100,2.3
486,Wasilla,US,2022-08-07 22:20:36,61.5814,-149.4394,61.07,74,75,5.75
487,Paka,MY,2022-08-07 22:20:38,4.6374,103.4368,76.93,94,100,0.0
488,Guanare,VE,2022-08-07 22:20:39,9.0418,-69.7421,82.26,83,25,2.59
489,Rudsar,IR,2022-08-07 22:20:39,37.1376,50.288,76.23,80,24,7.09
490,Dubai,AE,2022-08-07 22:19:55,25.2582,55.3047,102.13,35,0,5.75
491,Inhambane,MZ,2022-08-07 22:20:40,-23.865,35.3833,69.22,83,29,10.65
492,Ojinaga,MX,2022-08-07 22:20:40,29.5667,-104.4167,98.42,29,40,4.61
493,Barbastro,ES,2022-08-07 22:20:40,42.0356,0.1269,75.74,66,40,6.64
494,Puerto Narino,CO,2022-08-07 22:20:41,-3.7703,-70.3831,80.65,78,99,0.96
495,Fukue,JP,2022-08-07 22:20:41,32.6881,128.8419,83.03,82,62,11.68
496,Korsakov,RU,2022-08-07 22:20:42,46.6328,142.7813,64.24,95,100,5.68
497,Onguday,RU,2022-08-07 22:20:42,50.75,86.15,52.36,94,50,3.51
498,Cananea,MX,2022-08-07 22:20:42,30.95,-110.3,83.7,38,22,2.71
499,College,US,2022-08-07 22:16:39,64.8569,-147.8028,59.0,64,75,8.05
500,Sami,GM,2022-08-07 22:20:43,13.5833,-15.2,75.92,93,78,11.48
501,Hohhot,CN,2022-08-07 22:20:43,40.8106,111.6522,73.69,56,20,8.95
502,Seddon,AU,2022-08-07 22:20:44,-37.8068,144.8916,47.68,87,0,10.36
503,Liverpool,GB,2022-08-07 22:17:02,53.4106,-2.9779,61.61,79,20,2.3
504,Ketchikan,US,2022-08-07 22:18:34,55.3422,-131.6461,63.07,67,100,11.5
505,Bar Harbor,US,2022-08-07 22:20:44,44.3876,-68.2039,85.93,71,0,11.5
506,Camacha,PT,2022-08-07 22:20:44,33.0833,-16.3333,67.42,78,40,10.36
507,Tahta,EG,2022-08-07 22:21:45,26.7693,31.5021,87.62,26,4,6.4
508,Bardiyah,LY,2022-08-07 22:21:45,31.7561,25.0865,78.04,75,0,14.72
509,Codrington,AU,2022-08-07 22:20:07,-38.2667,141.9667,38.26,88,5,7.2
510,Mundo Nuevo,MX,2022-08-07 22:21:46,18.7,-95.5,83.66,67,83,14.36
511,Araouane,ML,2022-08-07 22:20:08,18.9048,-3.5265,101.86,15,23,5.66
512,Tolaga Bay,NZ,2022-08-07 22:21:46,-38.3667,178.3,52.72,92,100,8.05
513,Morrope,PE,2022-08-07 22:21:47,-6.5417,-80.0111,64.51,67,47,16.35
514,Simoes,BR,2022-08-07 22:21:47,-7.5989,-40.8178,76.28,33,4,6.69
515,Muros,ES,2022-08-07 22:21:47,42.7762,-9.0603,69.67,93,45,2.21
516,Oranjestad,AW,2022-08-07 22:21:48,12.524,-70.027,81.03,84,7,20.85
517,Koslan,RU,2022-08-07 22:21:48,63.4564,48.8989,62.4,97,58,6.53
518,Vila Franca Do Campo,PT,2022-08-07 22:21:49,37.7167,-25.4333,72.01,88,32,6.85
519,Kingsland,US,2022-08-07 22:21:02,30.8,-81.6898,87.93,68,33,8.59
520,Burgos,ES,2022-08-07 22:21:49,42.3394,-3.7079,68.41,60,0,10.36
521,Kalabo,ZM,2022-08-07 22:21:49,-14.97,22.6814,59.67,27,0,5.66
522,Blyth,GB,2022-08-07 22:21:50,55.1271,-1.5086,62.47,84,20,9.22
523,Osakarovka,KZ,2022-08-07 22:21:50,50.565,72.5692,57.65,78,12,5.08
524,Le Port,RE,2022-08-07 22:21:51,-20.9373,55.2919,68.0,74,70,2.55
525,Comodoro Rivadavia,AR,2022-08-07 22:21:51,-45.8667,-67.5,40.86,81,100,9.22
526,Arlit,NE,2022-08-07 22:21:51,18.7369,7.3853,100.63,18,100,8.93
527,Newport,GB,2022-08-07 22:17:45,51.5877,-2.9984,66.09,66,3,9.33
528,Bluefields,NI,2022-08-07 22:21:52,12.0137,-83.7635,80.67,89,40,9.22
529,Rocha,UY,2022-08-07 22:21:52,-34.4833,-54.3333,43.84,88,92,5.37
530,Baker City,US,2022-08-07 22:18:34,44.7749,-117.8344,89.31,16,0,6.78
531,Bandarbeyla,SO,2022-08-07 22:21:53,9.4942,50.8122,75.61,76,7,32.53
532,Shahrud,IR,2022-08-07 22:21:53,36.4182,54.9763,75.85,57,7,7.07
533,Linqiong,CN,2022-08-07 22:21:54,30.4159,103.4609,76.51,85,93,2.51
534,Sambava,MG,2022-08-07 22:21:58,-14.2667,50.1667,65.21,90,14,8.93
535,Pindobacu,BR,2022-08-07 22:21:59,-10.7417,-40.3608,76.77,56,48,8.9
536,Bitung,ID,2022-08-07 22:21:59,1.4451,125.1824,76.05,82,100,2.55
537,Gigmoto,PH,2022-08-07 22:21:59,13.7796,124.39,78.08,86,100,6.44
538,Tokur,RU,2022-08-07 22:22:00,53.1333,132.9,52.07,99,100,3.74
539,Manaus,BR,2022-08-07 22:21:10,-3.1019,-60.025,88.3,62,20,6.91
540,Kaili,ID,2022-08-07 22:22:00,-3.4626,120.2147,65.43,95,99,2.91
541,Olavarria,AR,2022-08-07 22:22:01,-36.8927,-60.3225,46.02,70,96,7.29
542,Havelock,US,2022-08-07 22:17:33,34.8791,-76.9013,87.78,77,0,1.99
543,Mehamn,NO,2022-08-07 22:22:01,71.0357,27.8492,49.95,87,75,11.5
544,Beyneu,KZ,2022-08-07 22:22:02,45.3167,55.2,79.68,22,3,2.82
545,Brockville,CA,2022-08-07 22:22:02,44.5834,-75.6826,87.94,68,65,8.01
546,Brigantine,US,2022-08-07 22:20:35,39.4101,-74.3646,89.04,72,0,11.5
547,Roma,US,2022-08-07 22:21:22,43.2128,-75.4557,89.67,63,0,6.91
548,Fort Nelson,CA,2022-08-07 22:22:03,58.8053,-122.7002,69.39,56,75,6.91
549,Buraydah,SA,2022-08-07 22:22:03,26.326,43.975,99.05,17,33,9.93
550,Diu,IN,2022-08-07 22:22:04,20.7141,70.9822,80.13,91,100,12.17
551,Itaituba,BR,2022-08-07 22:22:04,-4.2761,-55.9836,86.11,51,45,6.02
552,Husavik,IS,2022-08-07 22:22:05,66.0449,-17.3389,53.67,92,100,1.23
553,Rio Brilhante,BR,2022-08-07 22:23:06,-21.8019,-54.5464,71.73,68,100,4.63
554,Whitecourt,CA,2022-08-07 22:23:07,54.1502,-115.6855,81.64,34,20,16.11
555,Namtsy,RU,2022-08-07 22:23:07,62.7161,129.6658,54.5,79,57,3.0
556,Indi,IN,2022-08-07 22:23:08,17.1667,75.9667,73.18,89,100,17.69
557,Yulin,CN,2022-08-07 22:22:47,22.6333,110.15,77.4,87,25,1.83
558,Lakes Entrance,AU,2022-08-07 22:23:09,-37.8811,147.981,44.17,91,86,3.71
559,Bad Rappenau,DE,2022-08-07 22:23:09,49.2406,9.1025,68.65,44,2,5.28
560,Jimenez,MX,2022-08-07 22:23:09,28.3333,-105.4,91.49,25,57,10.31
561,Kuching,MY,2022-08-07 22:20:05,1.55,110.3333,75.42,94,20,2.3
562,Buala,SB,2022-08-07 22:23:10,-8.145,159.5921,82.17,73,98,1.95
563,Sobolevo,RU,2022-08-07 22:23:10,54.4299,31.8996,52.65,96,3,6.53
564,Talnakh,RU,2022-08-07 22:23:11,69.4865,88.3972,54.21,95,100,6.17
565,Ban Nahin,LA,2022-08-07 22:23:11,18.2418,104.2122,73.29,99,96,1.77
566,Wiarton,CA,2022-08-07 22:23:12,44.7407,-81.1332,81.03,88,75,5.75
567,Saravena,CO,2022-08-07 22:23:12,6.9538,-71.8752,79.07,85,74,1.1
568,Dolgoderevenskoye,RU,2022-08-07 22:23:12,55.3444,61.3444,61.14,100,0,6.71
569,Vidim,RU,2022-08-07 22:23:13,56.4088,103.1106,49.84,94,100,4.74
570,Wanning,CN,2022-08-07 22:23:13,18.8003,110.3967,80.04,89,100,4.0
